2023-10-10,오늘 방송 대충이내용일듯,https://www.inven.co.kr/board/lostark/4811/7836106
2023-10-10,로마러 방송보는데 짠하면서도 웃기네 ㅋㅋㅋㅋ,https://www.inven.co.kr/board/lostark/4811/7836146
2023-10-10,오늘 방송일정 떴다!!!,https://www.inven.co.kr/board/lostark/4811/7836173
2023-10-10,30추 방송팟글 보고 생각난건데,https://www.inven.co.kr/board/lostark/4811/7836283
2023-10-10,ㅇㅂ)포셔 방송 보는데 속이 다 시원하네 ㅋㅋㅋㅋㅋ,https://www.inven.co.kr/board/lostark/4811/7836611
2023-10-10,오늘 몇시에 공식방송인지 아시는분?,https://www.inven.co.kr/board/lostark/4811/7836764
2023-10-10,23.10.10 (화) 금강선 디렉터 라이브 방송 요약,https://www.inven.co.kr/board/lostark/4811/7836966
2023-10-10,슈라우드 방송보는중,https://www.inven.co.kr/board/lostark/4811/7837019
2023-10-10,이번 라방 요약,https://www.inven.co.kr/board/lostark/4811/7837093
2023-10-10,오늘 방송한대?,https://www.inven.co.kr/board/lostark/4811/7837151
2023-10-10,로아 방송 컨텐츠 주로 뭐바 다들??,https://www.inven.co.kr/board/lostark/4811/7837148
2023-10-10,새삼 느끼지만 하멘3~4관 매일매일 박은 방송인들 대단함,https://www.inven.co.kr/board/lostark/4811/7837194
2023-10-10,오늘 방송내용 많지않나,https://www.inven.co.kr/board/lostark/4811/7837335
2023-10-10,23.10.10 (화) 금강선 디렉터 라이브 방송 [희망편],https://www.inven.co.kr/board/lostark/4811/7837428
2023-10-10,라방 자막방송은 없나요,https://www.inven.co.kr/board/lostark/4811/7837461
2023-10-10,방송 8시면 좀 늦네,https://www.inven.co.kr/board/lostark/4811/7837589
2023-10-10,방송 8시임?,https://www.inven.co.kr/board/lostark/4811/7837617
2023-10-10,형들 나 일하느라 바빠서 그러는데 방송 몇시에 하는지 정중하고 공손하게 물ㄹ어봄,https://www.inven.co.kr/board/lostark/4811/7837626
2023-10-10,8시 방송인데 운동 갔다오면 못보겠지,https://www.inven.co.kr/board/lostark/4811/7837685
2023-10-10,23.10.10 (화) 금강선 디렉터 라이브 방송 [절망편],https://www.inven.co.kr/board/lostark/4811/7837837
2023-10-10,오늘 방송내용,https://www.inven.co.kr/board/lostark/4811/7837904
2023-10-10,오늘은 사과방송인가 ?,https://www.inven.co.kr/board/lostark/4811/7837947
2023-10-10,SBS의 새 예능.. 어제 첫방송 했다는데,https://www.inven.co.kr/board/lostark/4811/7838056
2023-10-10,방송 한 두시간 하려나!,https://www.inven.co.kr/board/lostark/4811/7838182
2023-10-10,월루 성공 레벨구간별 인구수 순위 정리,https://www.inven.co.kr/board/lostark/4811/7838174
2023-10-10,이번 라방 요약,https://www.inven.co.kr/board/lostark/4811/7838198
2023-10-10,카제로스에 블래 방송하는 사람 있었나?,https://www.inven.co.kr/board/lostark/4811/7838235
2023-10-10,오늘 방송에서 핫딜도 나와 ?,https://www.inven.co.kr/board/lostark/4811/7838483
2023-10-10,근데 오늘 방송에서 4티어 얘기도 나오나,https://www.inven.co.kr/board/lostark/4811/7838503
2023-10-10,강선이형 방송킨다고 좋은게 맞나 ㅋㅋ,https://www.inven.co.kr/board/lostark/4811/7838556
2023-10-10,그러고보니 그 머리하던 호크방송인은 어디감?,https://www.inven.co.kr/board/lostark/4811/7838589
2023-10-10,다주방송보는데 왤캐 답답하지 ㅋㅋㅋㅋ,https://www.inven.co.kr/board/lostark/4811/7838741
2023-10-10,ㅇㅂ) 지금 다주님 방송보고 잇는데..,https://www.inven.co.kr/board/lostark/4811/7838751
2023-10-10,ㅇㅂ) 지금 다주님 방송보고 잇는데.,https://www.inven.co.kr/board/lostark/4811/7838782
2023-10-10,캡짹 해명방송에 빠진내용 보충,https://www.inven.co.kr/board/lostark/4811/7839028
2023-10-10,ㅇㅂ) 이다 방송 보는데 개웃기네 ㅋㅋㅋ,https://www.inven.co.kr/board/lostark/4811/7839052
2023-10-10,너네 라이브 스트리머방송으로 봄?,https://www.inven.co.kr/board/lostark/4811/7839288
2023-10-10,방송 3분전에 사기침,https://www.inven.co.kr/board/lostark/4811/7839300
2023-10-10,방송시작 1분전,https://www.inven.co.kr/board/lostark/4811/7839308
2023-10-10,방송 소리 너무 작아요!!!,https://www.inven.co.kr/board/lostark/4811/7839338
2023-10-10,사료 뭐 주나 궁금해서 방송보는 중,https://www.inven.co.kr/board/lostark/4811/7839405
2023-10-10,방송 보는데 드는 생각이 하나 밖에 없네...,https://www.inven.co.kr/board/lostark/4811/7839419
2023-10-10,요약: 하지말라면 하지마라,https://www.inven.co.kr/board/lostark/4811/7839462
2023-10-10,초반부 요약,https://www.inven.co.kr/board/lostark/4811/7839475
2023-10-10,편의점 물건 들어오면 왜 바로 정리안함??,https://www.inven.co.kr/board/lostark/4811/7839489
2023-10-10,방송에나오는 하멘 4관문 트라이 평균 지표는 함정임,https://www.inven.co.kr/board/lostark/4811/7839570
2023-10-10,재시도 횟수는 거의다 방송인들 때문에 저렇게 나온건데,https://www.inven.co.kr/board/lostark/4811/7839567
2023-10-10,오늘자 로스트아크 라이브 1부 요약.,https://www.inven.co.kr/board/lostark/4811/7839661
2023-10-10,이제 금강선이랑 3대장 춤추면서 방송다시켜지는거임?,https://www.inven.co.kr/board/lostark/4811/7839714
2023-10-10,삼대장 계속 불러서 방송에 익숙하게 시키시는듯,https://www.inven.co.kr/board/lostark/4811/7839728
2023-10-10,저만 금강선님 방송보고 눈물나왓나요??,https://www.inven.co.kr/board/lostark/4811/7839743
2023-10-10,이건 방송1부가 아니라 프롤로그인데?,https://www.inven.co.kr/board/lostark/4811/7839742
2023-10-10,방송 보는 사람들 중 로아 안하는 사람들도 많겟지?,https://www.inven.co.kr/board/lostark/4811/7839756
2023-10-10,로아온 1부 요약.txt,https://www.inven.co.kr/board/lostark/4811/7839749
2023-10-10,저 시간 늦어서 1부 못 봤는데 요약 좀 해주세요ㅠㅠ,https://www.inven.co.kr/board/lostark/4811/7839757
2023-10-10,3대장이랑 같이 방송하면 다음 디렉터,https://www.inven.co.kr/board/lostark/4811/7839758
2023-10-10,근데 지금방송하는게 왜케 슬퍼보이지..,https://www.inven.co.kr/board/lostark/4811/7839771
2023-10-10,방송 화 ㅈ,https://www.inven.co.kr/board/lostark/4811/7839808
2023-10-10,3대장분들 이제 방송긴장좀 풀린듯 ㅋㅋㅋㅋㅋㅋ,https://www.inven.co.kr/board/lostark/4811/7839822
2023-10-10,공식방송 채팅창은 꺼놓고 봐야겠네,https://www.inven.co.kr/board/lostark/4811/7839892
2023-10-10,라이브방송마다 강선이형,https://www.inven.co.kr/board/lostark/4811/7840065
2023-10-10,ㅋㅋㅋ 진짜 라이브방송 수준부터가 얘넨 답이 없는게,https://www.inven.co.kr/board/lostark/4811/7840102
2023-10-10,으어 심부름 간다고 방송 못 봤다!,https://www.inven.co.kr/board/lostark/4811/7840096
2023-10-10,초월 변경점 요약,https://www.inven.co.kr/board/lostark/4811/7840248
2023-10-10,간단히 지금까지 라방 요약점,https://www.inven.co.kr/board/lostark/4811/7840260
2023-10-10,로아온 요약 (계속 추가중),https://www.inven.co.kr/board/lostark/4811/7840263
2023-10-10,실시간 서버팀장님 방송보는 짤,https://www.inven.co.kr/board/lostark/4811/7840292
2023-10-10,나방송 못보는중인데 초월 한사람도 보상을 준다고?,https://www.inven.co.kr/board/lostark/4811/7840488
2023-10-10,강선이형 11월달에 가니깐 미리 정리해주는거 아니냐?,https://www.inven.co.kr/board/lostark/4811/7840494
2023-10-10,아니 방송에서 뭐해 ㅋㅋ,https://www.inven.co.kr/board/lostark/4811/7840689
2023-10-10,와!!! 공식 방송 액자 박제 성공했다!!!,https://www.inven.co.kr/board/lostark/4811/7840761
2023-10-10,이게 공식방송?ㅋㅋㅋㅋㅋㅋㅋ,https://www.inven.co.kr/board/lostark/4811/7840801
2023-10-10,전쟁이라고 해도 칼가문 선에서 정리될듯 ㅋㅋㅋㅋ,https://www.inven.co.kr/board/lostark/4811/7840862
2023-10-10,16인이면 방송인팟 합치냐?,https://www.inven.co.kr/board/lostark/4811/7840885
2023-10-10,어우 방송 알찼다,https://www.inven.co.kr/board/lostark/4811/7841011
2023-10-10,뚜띠는 근데 유일하게 방송하는 자캐를 반영해줬네,https://www.inven.co.kr/board/lostark/4811/7841051
2023-10-10,금씨 5주년 방송까진 하고 가나보네…,https://www.inven.co.kr/board/lostark/4811/7841069
2023-10-10,퍼클 이모티콘 스토리 누가 정리해서 올려주겠지,https://www.inven.co.kr/board/lostark/4811/7841095
2023-10-10,내가 보려고 정리한 방송 내용 요약,https://www.inven.co.kr/board/lostark/4811/7841114
2023-10-10,이제 누가 정리해주겠지?,https://www.inven.co.kr/board/lostark/4811/7841123
2023-10-10,방송 왤캐 일찍 끝남??,https://www.inven.co.kr/board/lostark/4811/7841129
2023-10-10,빨리 누가 정리글 좀 '써줘',https://www.inven.co.kr/board/lostark/4811/7841139
2023-10-10,오늘 미니미니로아온 정리본(이미지포함),https://www.inven.co.kr/board/lostark/4811/7841173
2023-10-10,오늘 방송보면서 알게된것,https://www.inven.co.kr/board/lostark/4811/7841215
2023-10-10,오늘 방송 대충 내 맘대로 요약,https://www.inven.co.kr/board/lostark/4811/7841233
2023-10-10,"카제로스 , 3차각성 요약",https://www.inven.co.kr/board/lostark/4811/7841243
2023-10-10,그럼 일정을 정리를 조금만 해보면...,https://www.inven.co.kr/board/lostark/4811/7841252
2023-10-10,라방 요약본 누군가하고있겠지?,https://www.inven.co.kr/board/lostark/4811/7841258
2023-10-10,못보신분들을 위한 로아온 어텀 요약,https://www.inven.co.kr/board/lostark/4811/7841304
2023-10-10,정리글 아직 없슈?,https://www.inven.co.kr/board/lostark/4811/7841312
2023-10-10,이번 방송 유일한 불만,https://www.inven.co.kr/board/lostark/4811/7841322
2023-10-10,이번 방송 불만이었던 점,https://www.inven.co.kr/board/lostark/4811/7841318
2023-10-10,5주년때 방송때 4인 딱렙쿠크 해주면안되나 ㅋㅋ,https://www.inven.co.kr/board/lostark/4811/7841371
2023-10-10,대충 라이브 요약하면 이거네요?,https://www.inven.co.kr/board/lostark/4811/7841374
2023-10-10,라방 요약,https://www.inven.co.kr/board/lostark/4811/7841382
2023-10-10,처음 써보는 이번 라이브 정리글,https://www.inven.co.kr/board/lostark/4811/7841403
2023-10-10,로아온이나 소통방송 볼때마다 미칠거같음,https://www.inven.co.kr/board/lostark/4811/7841483
2023-10-10,10월 10일 방송 1분요약!,https://www.inven.co.kr/board/lostark/4811/7841552
2023-10-10,오늘 방송 보면서,https://www.inven.co.kr/board/lostark/4811/7841583
2023-10-10,ㅇㅂ) 포셔 방송 보는데,https://www.inven.co.kr/board/lostark/4811/7841688
2023-10-10,방송 못본거 보는중인데,https://www.inven.co.kr/board/lostark/4811/7841737
2023-10-10,방송팟이면 너그러워야? 해?,https://www.inven.co.kr/board/lostark/4811/7841869
2023-10-10,정리) 라이브 밸패 관련 대화,https://www.inven.co.kr/board/lostark/4811/7841900
2023-10-10,밸패 정리하면 이건가,https://www.inven.co.kr/board/lostark/4811/7841941
2023-08-25,■ 김삼식인지뭔지 공익인데 방송출연해서 카멘팟한다?,https://www.inven.co.kr/board/lostark/4811/7522322
2023-08-25,내일 방송에선 스토리 얘기 많이해주면 좋겠다,https://www.inven.co.kr/board/lostark/4811/7522599
2023-08-25,북미는 무슨 방송하는거 같은데 뭐 나오나?,https://www.inven.co.kr/board/lostark/4811/7522638
2023-08-25,내일 방송하는 이유,https://www.inven.co.kr/board/lostark/4811/7522738
2023-08-25,방송팟 갔는데,https://www.inven.co.kr/board/lostark/4811/7522804
2023-08-25,오늘방송 운명의빛이랑 그 장비초월? 이야기할듯,https://www.inven.co.kr/board/lostark/4811/7523039
2023-08-25,오늘 금강선 라이브 방송 [혼돈편],https://www.inven.co.kr/board/lostark/4811/7523123
2023-08-25,도아가!!! 짤 모음 요약,https://www.inven.co.kr/board/lostark/4811/7523210
2023-08-25,오늘 방송에서 아브관문 한번 더 떠볼듯,https://www.inven.co.kr/board/lostark/4811/7523552
2023-08-25,로아온인가(X) / 긴급 라이브방송인가?(X),https://www.inven.co.kr/board/lostark/4811/7523896
2023-08-25,오늘 방송 몇시인가여?,https://www.inven.co.kr/board/lostark/4811/7524121
2023-08-25,해외에서도 못봐서 난리난 K-방송의 미친 섭외력.jpg,https://www.inven.co.kr/board/lostark/4811/7524381
2023-08-25,새벽 노브56 방송중 반숙팟 짧 후기,https://www.inven.co.kr/board/lostark/4811/7524379
2023-08-25,현 시점 로스트아크의 문제점 정리,https://www.inven.co.kr/board/lostark/4811/7524476
2023-08-25,오늘 방송 예상 및 희망사항,https://www.inven.co.kr/board/lostark/4811/7524490
2023-08-25,과연 오늘방송은,https://www.inven.co.kr/board/lostark/4811/7524680
2023-08-25,오늘 방송 몇시였드라?,https://www.inven.co.kr/board/lostark/4811/7524885
2023-08-25,유툽주의)오늘 라이브방송에 이거 해줘,https://www.inven.co.kr/board/lostark/4811/7525028
2023-08-25,어제 친구 방송보는데,https://www.inven.co.kr/board/lostark/4811/7525190
2023-08-25,오늘 19시 방송이었어??,https://www.inven.co.kr/board/lostark/4811/7525375
2023-08-25,배그방송 보러갔다가 궁금해서 자꾸 명운방주 보게되네,https://www.inven.co.kr/board/lostark/4811/7525463
2023-08-25,종교방송 1시간 30분 전이라고,https://www.inven.co.kr/board/lostark/4811/7525477
2023-08-25,오늘 방송은 던전간소화 관련 기대하면 되는건가???,https://www.inven.co.kr/board/lostark/4811/7525473
2023-08-25,방송7시라고 했던가,https://www.inven.co.kr/board/lostark/4811/7525541
2023-08-25,방먹저추 (방송보면서 먹을 저녁 추천좀이라는 뜻),https://www.inven.co.kr/board/lostark/4811/7525556
2023-07-14,스익은 정리된 거 없나요?,https://www.inven.co.kr/board/lostark/4811/7331538
2023-07-14,내일 강선이형 캐리비안 물놀이 하면서 방송하면,https://www.inven.co.kr/board/lostark/4811/7331544
2023-07-14,왠지 오늘 라방에서 3팀장 데려다놓고 같이 방송할 것 같음,https://www.inven.co.kr/board/lostark/4811/7331568
2023-07-14,중국애들 로아 스트리머들이 방송하는거 함 봣는데,https://www.inven.co.kr/board/lostark/4811/7331828
2023-07-14,■ 금강선방송키면 왜 원대렙 방치하냐고해야겠다,https://www.inven.co.kr/board/lostark/4811/7332086
2023-07-14,10멸빵 요약정리 셉셉읭/소서츠르,https://www.inven.co.kr/board/lostark/4811/7332159
2023-07-14,ㅇ?ㅎ) 오늘 방송 큰거온다,https://www.inven.co.kr/board/lostark/4811/7332507
2023-07-14,오늘 방송내용 ㅅㅍ,https://www.inven.co.kr/board/lostark/4811/7332534
2023-07-14,저녁에 간단히 술한잔 하면서 방송봐야지,https://www.inven.co.kr/board/lostark/4811/7332622
2023-07-14,오늘 방송 언급될만한거 추측해봐,https://www.inven.co.kr/board/lostark/4811/7332643
2023-07-14,오늘 강선이형 방송,https://www.inven.co.kr/board/lostark/4811/7332755
2023-07-14,금강선 방송 공지 어디감??,https://www.inven.co.kr/board/lostark/4811/7332864
2023-07-14,스마게 오래접속안한사람들 닉넴 정리좀해,https://www.inven.co.kr/board/lostark/4811/7333001
2023-07-14,전라이브에서 말한것들 정리,https://www.inven.co.kr/board/lostark/4811/7333028
2023-07-14,중국로아 서버접속불가 있음에도 douyu방송 2일차 1위중ㄷㄷ.jpg,https://www.inven.co.kr/board/lostark/4811/7333109
2023-07-14,오늘 방송 뭘까,https://www.inven.co.kr/board/lostark/4811/7333169
2023-07-14,3팀장 방송도 기대는 됐어.,https://www.inven.co.kr/board/lostark/4811/7333412
2023-07-14,재업) 소울이터 영상 정리,https://www.inven.co.kr/board/lostark/4811/7333676
2023-07-14,금일 7시 스트리머 골드리버 방송,https://www.inven.co.kr/board/lostark/4811/7333693
2023-07-14,이번 방송 좀 뜬금없지않음?,https://www.inven.co.kr/board/lostark/4811/7333714
2023-07-14,오늘 골든리트리버 방송키는날 맛나요?,https://www.inven.co.kr/board/lostark/4811/7333721
2023-07-14,오늘방송 스포함,https://www.inven.co.kr/board/lostark/4811/7333740
2023-07-14,라우리엘 찬조 관련 DC글 계산해보기 (세줄요약있음),https://www.inven.co.kr/board/lostark/4811/7333771
2023-07-14,강원기 하위호환 금강선 라이브방송 기대하는 사람이 있나,https://www.inven.co.kr/board/lostark/4811/7333793
2023-07-14,ㅇㅂ)모델 강인경 방송 3일차 발언모음,https://www.inven.co.kr/board/lostark/4811/7333816
2023-07-14,30추 원대 300렙 글 보고 라이브 방송 언급 행복회로 그려봄.. (feat. 슈퍼모코코 마크),https://www.inven.co.kr/board/lostark/4811/7334077
2023-07-14,오늘 방송몇시에요?,https://www.inven.co.kr/board/lostark/4811/7334391
2023-07-14,전선팩은 핫딜샵으로 파는게 아니라 사죄방송 때 줬어야지,https://www.inven.co.kr/board/lostark/4811/7334502
2023-07-14,방송몇시냐 치킨이나 뜯을란다,https://www.inven.co.kr/board/lostark/4811/7334734
2023-07-14,혹시 있잖아 오늘 방송에서 소울이터 출시 미루면 어캐될까??,https://www.inven.co.kr/board/lostark/4811/7334778
2023-07-14,로아라이브방송커밍순,https://www.inven.co.kr/board/lostark/4811/7334869
2023-07-14,방송 몇 시더라? 7시?,https://www.inven.co.kr/board/lostark/4811/7334971
2023-07-14,5시 lck 7시 라이브방송 개꿀,https://www.inven.co.kr/board/lostark/4811/7335223
2023-07-14,대피소 방송하네,https://www.inven.co.kr/board/lostark/4811/7335229
2023-07-14,오늘 방송 망해도 괜찮은 이유,https://www.inven.co.kr/board/lostark/4811/7335232
2023-07-14,오늘 방송한데서 2주만에 돌아왔다,https://www.inven.co.kr/board/lostark/4811/7335296
2023-07-14,강선이형 방송이 영향력이 있긴 한가보네,https://www.inven.co.kr/board/lostark/4811/7335355
2023-07-14,이번 방송때 불쾌한것좀 고쳤으면,https://www.inven.co.kr/board/lostark/4811/7335399
2023-07-14,아니시발 방송 왜 7시임,https://www.inven.co.kr/board/lostark/4811/7335460
2023-07-14,박쥐들 방송으로 보기 싫어서 공식방송 볼라는데 언제뜸?,https://www.inven.co.kr/board/lostark/4811/7335468
2023-07-14,방송 기대하는이유,https://www.inven.co.kr/board/lostark/4811/7335487
2023-07-14,아직 말할게 남았나..? 방송할게 없어보이는데,https://www.inven.co.kr/board/lostark/4811/7335492
2023-07-14,방송 왜하는건뎅?,https://www.inven.co.kr/board/lostark/4811/7335613
2023-07-14,현재 10분 정리요약,https://www.inven.co.kr/board/lostark/4811/7335653
2023-07-14,방송 내용있음?,https://www.inven.co.kr/board/lostark/4811/7335735
2023-07-14,18분이 지나는 시점 요약,https://www.inven.co.kr/board/lostark/4811/7335756
2023-07-14,중국인들도 방송많이보네,https://www.inven.co.kr/board/lostark/4811/7335755
2023-07-14,옹 방송중이야?,https://www.inven.co.kr/board/lostark/4811/7335796
2023-07-14,나도 방송 볼래 ㅠㅠ,https://www.inven.co.kr/board/lostark/4811/7335811
2023-07-04,오늘 8시 방송 한줄요약,https://www.inven.co.kr/board/lostark/4811/7277085
2023-07-04,진짜로 오늘 방송한다고 들었었는데 왜 관심 안줘요,https://www.inven.co.kr/board/lostark/4811/7277140
2023-07-04,와 방송,https://www.inven.co.kr/board/lostark/4811/7277148
2023-07-04,이번 방송으로 바뀌는건 없을것 [예언],https://www.inven.co.kr/board/lostark/4811/7277183
2023-07-04,오늘 방송에서,https://www.inven.co.kr/board/lostark/4811/7277196
2023-07-04,8시방송 나와서 짱깨얘기만하고 가면 로아,https://www.inven.co.kr/board/lostark/4811/7277201
2023-07-04,극한의 행복회로 방송시나리오,https://www.inven.co.kr/board/lostark/4811/7277205
2023-07-04,방송 딱 켰는데,https://www.inven.co.kr/board/lostark/4811/7277214
2023-07-04,방송키면서 따자하오 하면 인정한다,https://www.inven.co.kr/board/lostark/4811/7277298
2023-07-04,근데 이번 라방으로 정리되면 좋긴 한데….,https://www.inven.co.kr/board/lostark/4811/7277355
2023-07-04,오늘 라이브 방송 예상.txt,https://www.inven.co.kr/board/lostark/4811/7277361
2023-07-04,오늘 방송 성공 시나리오,https://www.inven.co.kr/board/lostark/4811/7277386
2023-07-04,방송킨다길래 오늘 수요일인줄 알았네,https://www.inven.co.kr/board/lostark/4811/7277406
2023-07-04,금강선 방송키면 뭐가달라지냐고?,https://www.inven.co.kr/board/lostark/4811/7277404
2023-07-04,금강선이 나온다고 상황이 정리될거라 기대하지 말아,https://www.inven.co.kr/board/lostark/4811/7277434
2023-07-04,오늘 방송에,https://www.inven.co.kr/board/lostark/4811/7277465
2023-07-04,20시 라이브방송 [섭종편],https://www.inven.co.kr/board/lostark/4811/7277511
2023-07-04,5년차 유저인데 요번 라이브방송 이야기 해드림,https://www.inven.co.kr/board/lostark/4811/7277550
2023-07-04,금천지라 욕해도 됨...방송 막상한다니 좀 슬프네 씨...,https://www.inven.co.kr/board/lostark/4811/7277563
2023-07-04,방송 끝나면 오열하면서,https://www.inven.co.kr/board/lostark/4811/7277565
2023-07-04,이번 방송 진짜 많이 보겠는데?,https://www.inven.co.kr/board/lostark/4811/7277590
2023-07-04,8시 방송 대기중..,https://www.inven.co.kr/board/lostark/4811/7277588
2023-07-04,오늘 방송 이거다...,https://www.inven.co.kr/board/lostark/4811/7277606
2023-07-04,님들 근데 오늘 방송 강선햄이 직접한다고 오피셜 떴나요?,https://www.inven.co.kr/board/lostark/4811/7277634
2023-07-04,솔직히 방송해도 못살림,https://www.inven.co.kr/board/lostark/4811/7277633
2023-07-04,솔직히 이번 방송도 제인숙이었으면 좆도 기대 안했을듯,https://www.inven.co.kr/board/lostark/4811/7277648
2023-07-04,방송으로 민심 바꾸는 단 하나의 길,https://www.inven.co.kr/board/lostark/4811/7277678
2023-07-04,그래도 금강선님 방송하신다니 기대되는게,https://www.inven.co.kr/board/lostark/4811/7277680
2023-07-04,솔직히 방송나와서 할 내용은 정해져있어서 안궁금함,https://www.inven.co.kr/board/lostark/4811/7277692
2023-07-04,마법의 주사위님 오늘 방송이 성공할 수 있을까요?,https://www.inven.co.kr/board/lostark/4811/7277718
2023-07-04,오늘 방송 망할 확률 역배간다,https://www.inven.co.kr/board/lostark/4811/7277742
2023-07-04,오늘 방송에,https://www.inven.co.kr/board/lostark/4811/7277753
2023-07-04,솔직히 금강선 해명방송켜도 이거 못살림,https://www.inven.co.kr/board/lostark/4811/7277825
2023-07-04,방송 망하든말든 내일은 검사가서 부릉이타러 가야지,https://www.inven.co.kr/board/lostark/4811/7277846
2023-07-04,오늘 라이브 방송 망하고,https://www.inven.co.kr/board/lostark/4811/7277890
2023-07-04,왜 오늘 8시 방송이냐구...,https://www.inven.co.kr/board/lostark/4811/7277907
2023-07-04,라이브방송 자신이 느끼는 본연 그대로 보자,https://www.inven.co.kr/board/lostark/4811/7277917
2023-07-04,오늘 방송이 끝나면,https://www.inven.co.kr/board/lostark/4811/7277961
2023-07-04,긴급방송 절망편,https://www.inven.co.kr/board/lostark/4811/7278012
2023-07-04,아까 ㅈㄴㄴ방송 본 사람?,https://www.inven.co.kr/board/lostark/4811/7278023
2023-07-04,아 오늘 방송이구나,https://www.inven.co.kr/board/lostark/4811/7278030
2023-07-04,방송하니까 또 슬슬 행복회로 태우는 애들 나오네 ㅋㅋ,https://www.inven.co.kr/board/lostark/4811/7278040
2023-07-04,그래서 오늘 방송시간이,https://www.inven.co.kr/board/lostark/4811/7278101
2023-07-04,진지하게 오늘 방송 망해서 로아 접으면,https://www.inven.co.kr/board/lostark/4811/7278136
2023-07-04,아 근데 왜 8시 방송이야 진짜,https://www.inven.co.kr/board/lostark/4811/7278157
2023-07-04,방송 앞두고 인장 생겨서 다행이라고 생각함,https://www.inven.co.kr/board/lostark/4811/7278231
2023-07-04,이래놓고 3대장만 앉혀놓으면 방송 보지도 않고 겜접음 ㄹㅇ,https://www.inven.co.kr/board/lostark/4811/7278236
2023-07-04,왜 아직도 방송 3시간 넘게 남음?,https://www.inven.co.kr/board/lostark/4811/7278235
2023-07-04,라이브 이후 요약.jpg,https://www.inven.co.kr/board/lostark/4811/7278299
2023-07-04,금강선도 한동숙 집에서 방송켜면 신으로 추앙함,https://www.inven.co.kr/board/lostark/4811/7278401
2023-07-04,8시방송 새 콜라보 발표,https://www.inven.co.kr/board/lostark/4811/7278426
2023-07-04,라이브방송 1시간~1시간 반정도 하겠지?,https://www.inven.co.kr/board/lostark/4811/7278439
2023-07-04,중국관련만 이야기하고 방송끄면 로아망함,https://www.inven.co.kr/board/lostark/4811/7278507
2023-07-04,로스크아크 방송 희망과 절망,https://www.inven.co.kr/board/lostark/4811/7278546
2023-07-04,방송에서 해명도 해명이지만,https://www.inven.co.kr/board/lostark/4811/7278559
2023-07-04,키야아 역시 빛강선! 방송으로 로아를 되살리네 ㅋㅋㅋㅋㅋ,https://www.inven.co.kr/board/lostark/4811/7278616
2023-07-04,라이브 방송에 금강선이 아니라면?!,https://www.inven.co.kr/board/lostark/4811/7278672
2023-07-04,오늘 방송키시는 분이 안해주셨으면 하는 말,https://www.inven.co.kr/board/lostark/4811/7278684
2023-07-04,방송시간투표 몇분이나할까?,https://www.inven.co.kr/board/lostark/4811/7278706
2023-07-04,강선이형 방송 여기에 요약 해주나요??,https://www.inven.co.kr/board/lostark/4811/7278851
2023-07-04,제발 방송하면 요약해서 글올려주세요...,https://www.inven.co.kr/board/lostark/4811/7278933
2023-07-04,방송 얼마나 할꺼같냐,https://www.inven.co.kr/board/lostark/4811/7279008
2023-07-04,그래서 방송 기준시간이 어디인거야?,https://www.inven.co.kr/board/lostark/4811/7279046
2023-07-04,검사 방송봣는뎅 겜이아니라 예술작품이네,https://www.inven.co.kr/board/lostark/4811/7279057
2023-07-04,오늘 금강선 라이브 방송 기대치,https://www.inven.co.kr/board/lostark/4811/7279147
2023-07-04,방송끝나고 요약본 부탁해,https://www.inven.co.kr/board/lostark/4811/7279166
2023-07-04,이번에 방송 망하면 더이상 방송없겟지?,https://www.inven.co.kr/board/lostark/4811/7279190
2023-07-04,성공적인 방송을 기원하며,https://www.inven.co.kr/board/lostark/4811/7279214
2023-07-04,아직 방송도 안햇는데 ㅋㅋ,https://www.inven.co.kr/board/lostark/4811/7279300
2023-07-04,좀따 8시에 방송볼건데 누구꺼 보는게 가장좋나요???,https://www.inven.co.kr/board/lostark/4811/7279295
2023-07-04,던파도 2번째 긴급방송중이라고 함,https://www.inven.co.kr/board/lostark/4811/7279334
2023-07-04,라이브 방송 채팅 클린하게 보려면 클로아로  보셈,https://www.inven.co.kr/board/lostark/4811/7279337
2023-07-04,한시간 반 뒤에 방송이다,https://www.inven.co.kr/board/lostark/4811/7279338
2023-07-04,아근데 방송키고나서,https://www.inven.co.kr/board/lostark/4811/7279354
2023-07-04,ㅇㅂ)산악회 한동숙 집들이 방송 ON,https://www.inven.co.kr/board/lostark/4811/7279359
2023-07-04,방송 잘 끝나면 이 짤 써라,https://www.inven.co.kr/board/lostark/4811/7279400
2023-07-04,방송 10분전,https://www.inven.co.kr/board/lostark/4811/7279403
2023-07-04,방송까지 8분남았다!!!!,https://www.inven.co.kr/board/lostark/4811/7279419
2023-07-04,"이번 방송, 어떻게 보십니까?",https://www.inven.co.kr/board/lostark/4811/7279493
2023-07-04,이번 방송이 진짜 막트임,https://www.inven.co.kr/board/lostark/4811/7279509
2023-07-04,오늘 방송 강선이형이 하나?,https://www.inven.co.kr/board/lostark/4811/7279543
2023-07-04,3대장 방송때는 기대 1도안됐는데,https://www.inven.co.kr/board/lostark/4811/7279570
2023-07-04,산악회 방송,https://www.inven.co.kr/board/lostark/4811/7279580
2023-07-04,금강선씨 방송 망하면 이제 혁빈이형 남은건가?,https://www.inven.co.kr/board/lostark/4811/7279597
2023-07-04,속보)뜨뜨 메이플 방송 시청자 1.7만,https://www.inven.co.kr/board/lostark/4811/7279626
2023-07-04,근데 방송공지 생각할수록 어이가 없네,https://www.inven.co.kr/board/lostark/4811/7279628
2023-07-04,나 방송 예정 정확히 맞췃음,https://www.inven.co.kr/board/lostark/4811/7279647
2023-07-04,ㅇㅂ 한동숙 방송에 띵똥하고,https://www.inven.co.kr/board/lostark/4811/7279659
2023-07-04,라이브방송 갑분싸,https://www.inven.co.kr/board/lostark/4811/7279685
2023-07-04,금강선 방송 힘내쟈 파팅~~~~,https://www.inven.co.kr/board/lostark/4811/7279690
2023-07-04,"ㅇㅂ) 집들이 방송 컨셉바꾸고 라방시청하는 산악회, 웨딩 준비 약속 파토낸 이다, 데이트 파토 낸 로순이 ㄷㄷ",https://www.inven.co.kr/board/lostark/4811/7279721
2023-07-04,실시간)로아생방송채팅창,https://www.inven.co.kr/board/lostark/4811/7279813
2023-07-04,방송이 딱 켜졌는데!,https://www.inven.co.kr/board/lostark/4811/7279828
2023-07-04,다들 라이브 방송 착석 하세요!!,https://www.inven.co.kr/board/lostark/4811/7279838
2023-07-04,어르신들이 저런 방송을 어떻게보냐 ㅋㅋ,https://www.inven.co.kr/board/lostark/4811/7279873
2023-07-04,로아 방송 잘되라,https://www.inven.co.kr/board/lostark/4811/7279867
2023-07-04,방송화면 뭔가 어둡네 이거,https://www.inven.co.kr/board/lostark/4811/7279926
2023-07-04,ㅇㅂ) ㅎㄷㅅ 방송 12만 돌파 ㅋㅋㅋ,https://www.inven.co.kr/board/lostark/4811/7279936
2023-07-04,"고구려문양 요약 = 의도파악 불가, 자체적 인지/검수 실패 = 삭제결정, 문제가 맞다",https://www.inven.co.kr/board/lostark/4811/7280036
2023-07-04,방송에서 자꾸 보법이 다르다는건 뭔소리냐,https://www.inven.co.kr/board/lostark/4811/7280096
2023-07-04,이미 정리하고 골드로 만들어 놨으면 개추,https://www.inven.co.kr/board/lostark/4811/7280231
2023-07-04,지금 방송 확신한점,https://www.inven.co.kr/board/lostark/4811/7280226
2023-07-04,2년전 메난민들을 위한 삼족오 요약 1줄,https://www.inven.co.kr/board/lostark/4811/7280236
2023-07-04,횡설수설 긴말요약 = 중국 생각보다 오래전부터 공들엿다..,https://www.inven.co.kr/board/lostark/4811/7280256
2023-07-04,금모씨 방송보고 정리 안된건 처음인데,https://www.inven.co.kr/board/lostark/4811/7280324
2023-07-04,야 일중이라 방송 안보고 있는데 어때?,https://www.inven.co.kr/board/lostark/4811/7280332
2023-07-04,형들 ㅈ댓어 그냥 정리해 빨리,https://www.inven.co.kr/board/lostark/4811/7280348
2023-07-04,"돌려서 카멘 광고하는 방송이 였나요,..,?",https://www.inven.co.kr/board/lostark/4811/7280367
2023-07-04,뭔가 내일 라방 하려고 대본 정리중에 끌려나온 느낌,https://www.inven.co.kr/board/lostark/4811/7280370
2023-07-04,카멘 광고 방송아니라.. 역사관 스마게를 볼려는건대,https://www.inven.co.kr/board/lostark/4811/7280425
2023-07-04,오늘 긴급방송 내용 요약해드림.txt,https://www.inven.co.kr/board/lostark/4811/7280453
2023-07-04,강선이답지 않게 말이 정리가 안되는데,https://www.inven.co.kr/board/lostark/4811/7280470
2023-07-04,방송 시작한지 얼마안됐는데 정리하라고 근들갑,https://www.inven.co.kr/board/lostark/4811/7280498
2023-07-04,ㅇㅂ) 근데 방송 초반 채팅창에 캬는 왜 친거냐?,https://www.inven.co.kr/board/lostark/4811/7280572
2023-07-04,중국몽관련 해명 정리,https://www.inven.co.kr/board/lostark/4811/7280569
2023-07-04,붉은달 해명요약,https://www.inven.co.kr/board/lostark/4811/7280651
2023-07-04,하 방송 못보겠다.... 그냥 하지말지,https://www.inven.co.kr/board/lostark/4811/7280707
2023-07-04,끝나고 누가 요약좀 난 다이브 하느라 바쁨,https://www.inven.co.kr/board/lostark/4811/7280791
2023-07-04,ㅈㄴ웃긴점)금강선 혼자서 3팀장 방송시간 넘어갈 각,https://www.inven.co.kr/board/lostark/4811/7281004
2023-07-04,여태까지 방송요약. jpg,https://www.inven.co.kr/board/lostark/4811/7281044
2023-07-04,★억까가 너무많았네 방송인들이 문제긴해,https://www.inven.co.kr/board/lostark/4811/7281152
2023-07-04,방송끝나고나면 인장이 또 겜안분ㅄ이냐 그냥 비판글인지 판단에 한몫하것구만,https://www.inven.co.kr/board/lostark/4811/7281222
2023-07-04,팩트) 이방송 끝나도 9월까지 할거 읎음 ㅅㄱ,https://www.inven.co.kr/board/lostark/4811/7281424
2023-07-04,긴급방송 요약,https://www.inven.co.kr/board/lostark/4811/7281533
2023-07-04,로아 개발진 상황 요약하면 존나 재밌긴 하네,https://www.inven.co.kr/board/lostark/4811/7281559
2023-07-04,뜨뜨 < 방송인중에 이새끼가 진짜 제일 역함,https://www.inven.co.kr/board/lostark/4811/7281589
2023-07-04,요약,https://www.inven.co.kr/board/lostark/4811/7281606
2023-07-04,해명방송 후 로아 한다 안한다,https://www.inven.co.kr/board/lostark/4811/7281617
2023-07-04,한줄요약,https://www.inven.co.kr/board/lostark/4811/7281686
2023-07-04,방송 시작하니까 온갖 분탕들이 다 몰려오네,https://www.inven.co.kr/board/lostark/4811/7281698
2023-07-04,근데 해명방송에서 이정도면,https://www.inven.co.kr/board/lostark/4811/7281782
2023-07-04,오늘 방송 결론.txt,https://www.inven.co.kr/board/lostark/4811/7281800
2023-07-04,"""2차 긴급라이브방송 요약본""",https://www.inven.co.kr/board/lostark/4811/7281822
2023-07-04,대충 방송요약,https://www.inven.co.kr/board/lostark/4811/7281818
2023-07-04,님달그거앎??방송하고나서 늘상 보이던 그 망겜충들잇잔음??,https://www.inven.co.kr/board/lostark/4811/7281829
2023-07-04,지금까지 간단요약,https://www.inven.co.kr/board/lostark/4811/7281852
2023-07-04,현재까지 요약,https://www.inven.co.kr/board/lostark/4811/7281873
2023-07-04,해명방송은 이정도면 된거같음 이제 진짜 문제 드가즈아,https://www.inven.co.kr/board/lostark/4811/7281872
2023-07-04,라이브 방송 만족도 /주사위,https://www.inven.co.kr/board/lostark/4811/7281876
2023-07-04,방송 민심 확인,https://www.inven.co.kr/board/lostark/4811/7281881
2023-07-04,한줄요약. 미안해 기다려!,https://www.inven.co.kr/board/lostark/4811/7281880
2023-07-04,강선이의 1부내용 정리,https://www.inven.co.kr/board/lostark/4811/7281902
2023-07-04,현재까지의 정리,https://www.inven.co.kr/board/lostark/4811/7281908
2023-07-04,요약: 중국이 본섭이다     섭섭해 하지마라,https://www.inven.co.kr/board/lostark/4811/7281910
2023-07-04,요약 ) 실수였고 심심해서 그랬다 미안하다,https://www.inven.co.kr/board/lostark/4811/7281916
2023-07-04,애초에 방송켜기 전부터 예상했잔음,https://www.inven.co.kr/board/lostark/4811/7281919
2023-07-04,여기까지 방송 요약,https://www.inven.co.kr/board/lostark/4811/7281961
2023-07-04,라이브 방송 얌전히 듣고 있긴한데,https://www.inven.co.kr/board/lostark/4811/7281982
2023-07-04,이번 방송으로 확실해진점.jpg,https://www.inven.co.kr/board/lostark/4811/7282024
2023-07-04,방송요약),https://www.inven.co.kr/board/lostark/4811/7282032
2023-07-04,방송 못 봤는데 민심 반반인가보네,https://www.inven.co.kr/board/lostark/4811/7282041
2023-07-04,오늘 방송 보고 확신했다,https://www.inven.co.kr/board/lostark/4811/7282049
2023-07-04,오늘 방송 요약,https://www.inven.co.kr/board/lostark/4811/7282046
2023-07-04,요약)그냥 로아팀은 무능한 예술병걸린 집단이다,https://www.inven.co.kr/board/lostark/4811/7282044
2023-07-04,금강선 라이브 요약 정리,https://www.inven.co.kr/board/lostark/4811/7282106
2023-07-04,요약 : 3대장이 한건데 왜 나한테 지랄이냐,https://www.inven.co.kr/board/lostark/4811/7282099
2023-07-04,방송요약 >>  나는몰(?)루(?) 알아보니 다른놈이 잘못함,https://www.inven.co.kr/board/lostark/4811/7282140
2023-07-04,캬...오늘 방송 괴벨스 씹어먹었으면 개추 ㅋㅋ,https://www.inven.co.kr/board/lostark/4811/7282174
2023-07-04,그냥 갈라치기할려고 방송켰네 ㅋㅋ,https://www.inven.co.kr/board/lostark/4811/7282187
2023-07-04,방송 요약,https://www.inven.co.kr/board/lostark/4811/7282185
2023-07-04,요약 : 3대장 체제 계속함,https://www.inven.co.kr/board/lostark/4811/7282192
2023-07-04,이번방송까지 맘에안들면 접고 꺼져 병신아 ㅋㅋ,https://www.inven.co.kr/board/lostark/4811/7282214
2023-07-04,그래서 이번방송 어찌생각함,https://www.inven.co.kr/board/lostark/4811/7282253
2023-07-04,대충 요약,https://www.inven.co.kr/board/lostark/4811/7282261
2023-07-04,오늘 금강선 방송 요약.txt,https://www.inven.co.kr/board/lostark/4811/7282267
2023-07-04,방송은 로아가 하는데 메이플 인벤이왜 터지냐?,https://www.inven.co.kr/board/lostark/4811/7282331
2023-07-04,방송 요약,https://www.inven.co.kr/board/lostark/4811/7282390
2023-07-04,방송 요약 = 아무튼 미안하다고!!!,https://www.inven.co.kr/board/lostark/4811/7282402
2023-07-04,삼족오 관련 해명 정리,https://www.inven.co.kr/board/lostark/4811/7282455
2023-07-04,진짜 방송의 신이다 ㅁㅊ,https://www.inven.co.kr/board/lostark/4811/7282537
2023-07-04,요약 ) 일 ㅈㄴ 안하는 새끼들 때문에 내가 다시 디렉터 내려와서 ㅈㄴ 갈구겠다 선언,https://www.inven.co.kr/board/lostark/4811/7282573
2023-07-04,와;; 방송사고 아님?,https://www.inven.co.kr/board/lostark/4811/7282584
2023-07-04,라이브 8글자 요약,https://www.inven.co.kr/board/lostark/4811/7282668
2023-07-04,라방 한줄 요약,https://www.inven.co.kr/board/lostark/4811/7282686
2023-07-04,진짜 로벤은 악의 소굴이다. 로아온 긴급방송 후기,https://www.inven.co.kr/board/lostark/4811/7282706
2023-07-04,지금까지 요약,https://www.inven.co.kr/board/lostark/4811/7282741
2023-07-04,방송요약,https://www.inven.co.kr/board/lostark/4811/7282753
2023-07-04,긴급 방송 이후 로스트아크 블라인드 근황.jpg,https://www.inven.co.kr/board/lostark/4811/7282773
2023-07-04,현재까지 정리 진행,https://www.inven.co.kr/board/lostark/4811/7282770
2023-07-04,근데방송진짜길게한다,https://www.inven.co.kr/board/lostark/4811/7282806
2023-07-04,로아온 요약,https://www.inven.co.kr/board/lostark/4811/7282815
2023-07-04,로아 라이브 요약.,https://www.inven.co.kr/board/lostark/4811/7282817
2023-07-04,방송이 끝날거 같네 싶은데 계속됨 역시 금찬호,https://www.inven.co.kr/board/lostark/4811/7282855
2023-07-04,그래서 디렉터 문제 빼고 다른 문제는 정리됨?,https://www.inven.co.kr/board/lostark/4811/7282878
2023-07-04,이번 방송 아무것도 안보였는데?,https://www.inven.co.kr/board/lostark/4811/7282884
2023-07-04,굿 나는 이번 방송 완전히 납득했음,https://www.inven.co.kr/board/lostark/4811/7282924
2023-07-04,이번 라이브 방송을 통해 왜 종교인줄 알꺼같다..,https://www.inven.co.kr/board/lostark/4811/7282947
2023-07-04,라방 3글자로 요약해줌,https://www.inven.co.kr/board/lostark/4811/7282960
2023-07-04,방송보고있는데 금강선이 무슨 디렉터야??,https://www.inven.co.kr/board/lostark/4811/7283003
2023-07-04,방송 보던 다수 로아 유저들 표정,https://www.inven.co.kr/board/lostark/4811/7283058
2023-06-28,패스권 정리된 정보 어디 없나,https://www.inven.co.kr/board/lostark/4811/7203259
2023-06-28,방송 30분하고 갈거같은데,https://www.inven.co.kr/board/lostark/4811/7203376
2023-06-28,지금퇴근 or 방송보고 퇴근,https://www.inven.co.kr/board/lostark/4811/7203448
2023-06-28,방송이고뭐고 도망가고싶은 제인숙이면 개추ㅋㅋㅋㅋ,https://www.inven.co.kr/board/lostark/4811/7203503
2023-06-28,오늘 라이브방송은 사과나 변명하려고 하는게 아님,https://www.inven.co.kr/board/lostark/4811/7203578
2023-06-28,라이브 방송 때 할게 있다,https://www.inven.co.kr/board/lostark/4811/7203595
2023-06-28,오늘 방송으로 로아가 떡상할 확률,https://www.inven.co.kr/board/lostark/4811/7203626
2023-06-28,ㅅㅂㅋㅋㅋㅋ오늘 방송킨다 했는데 왜 주제가 복사가 되냐,https://www.inven.co.kr/board/lostark/4811/7203725
2023-06-28,7시 방송 흥하는 단 하나의 미래,https://www.inven.co.kr/board/lostark/4811/7203732
2023-06-28,30분뒤 방송화면 스포,https://www.inven.co.kr/board/lostark/4811/7203735
2023-06-28,나는 방송안볼거임,https://www.inven.co.kr/board/lostark/4811/7203736
2023-06-28,이번 방송 좆망해도 괜찮다고 생각하는 게,https://www.inven.co.kr/board/lostark/4811/7203764
2023-06-28,방송 끝난후 자게 모습,https://www.inven.co.kr/board/lostark/4811/7203786
2023-06-28,7시에 방송 가능함?,https://www.inven.co.kr/board/lostark/4811/7203807
2023-06-28,이번 긴급방송에 로아의 존망이 달렸다,https://www.inven.co.kr/board/lostark/4811/7203826
2023-06-28,방송 기대하지마. 30분 이내로 끌거임,https://www.inven.co.kr/board/lostark/4811/7203848
2023-06-28,자 방송 드가자~,https://www.inven.co.kr/board/lostark/4811/7203853
2023-06-28,방송 5초 요약.,https://www.inven.co.kr/board/lostark/4811/7203863
2023-06-28,로아 방송떴다,https://www.inven.co.kr/board/lostark/4811/7203907
2023-06-28,긴급방송때,https://www.inven.co.kr/board/lostark/4811/7203915
2023-06-28,방송 30분컷 본다,https://www.inven.co.kr/board/lostark/4811/7203944
2023-06-28,30분컷은 ㅋㅋㅋ 방송 10분컷날듯?,https://www.inven.co.kr/board/lostark/4811/7203961
2023-06-28,방송 키고 그냥 꼬우면 접어~ 하고 끄면 좋겠다 ㅋㅋㅋ,https://www.inven.co.kr/board/lostark/4811/7203993
2023-06-28,아스몬 양키쉑 왜 와우안하고 로아방송보냐?ㅋ,https://www.inven.co.kr/board/lostark/4811/7203998
2023-06-28,방송시작 보는순간 에어컨 켰다,https://www.inven.co.kr/board/lostark/4811/7204036
2023-06-28,와 방송 못 볼 거 같아 내가 숨막혀...,https://www.inven.co.kr/board/lostark/4811/7204055
2023-06-28,이번 방송이 성공하면 수위가높아질꺼임,https://www.inven.co.kr/board/lostark/4811/7204063
2023-06-28,ㅇㅂ) 모 방송인 근황,https://www.inven.co.kr/board/lostark/4811/7204081
2023-06-28,상복이는 진짜 방송 안나오는 게 좋겠는데,https://www.inven.co.kr/board/lostark/4811/7204102
2023-06-28,로아에서 이런방송을 볼줄 생각도 못했네..,https://www.inven.co.kr/board/lostark/4811/7204152
2023-06-28,사과방송하는법,https://www.inven.co.kr/board/lostark/4811/7204217
2023-06-28,지금 방송 분위기 어떰?,https://www.inven.co.kr/board/lostark/4811/7204279
2023-06-28,방송채팅 ㅈㄴ 역겹네 ㅋㅋ,https://www.inven.co.kr/board/lostark/4811/7204394
2023-06-28,내가 바랬던 긴급방송은 사과방송이 아니었는데,https://www.inven.co.kr/board/lostark/4811/7204428
2023-06-28,로아온 추가방송 관점차이 뜬금없이 웃기네,https://www.inven.co.kr/board/lostark/4811/7204440
2023-06-28,전재학 카멘 방송 요약. 개추좀,https://www.inven.co.kr/board/lostark/4811/7204532
2023-06-28,긴급방송보는데,https://www.inven.co.kr/board/lostark/4811/7204557
2023-06-28,"긴급방송 키고 하는 거) 미안, 카멘 설명회 ??",https://www.inven.co.kr/board/lostark/4811/7204583
2023-06-28,방송전에 다판 사람1승이네,https://www.inven.co.kr/board/lostark/4811/7204638
2023-06-28,난 나중에 요약본 봐야겠다,https://www.inven.co.kr/board/lostark/4811/7204656
2023-06-28,그냥 요약이 이거임.jpg,https://www.inven.co.kr/board/lostark/4811/7204666
2023-06-28,님들 나 지금 소리 끄고 방송만 켜둠...,https://www.inven.co.kr/board/lostark/4811/7204744
2023-06-28,정리하면 아바타는 중국 영향이 있긴 했다는 건데,https://www.inven.co.kr/board/lostark/4811/7204770
2023-06-28,쌀먹가능한 1620 도아가 정리합니다,https://www.inven.co.kr/board/lostark/4811/7204768
2023-06-28,사과방송도 소림언니 불렀어야했음,https://www.inven.co.kr/board/lostark/4811/7204767
2023-06-28,해명  방송 괜찮지 않나?,https://www.inven.co.kr/board/lostark/4811/7204805
2023-06-28,진짜 변명+사과방송이네,https://www.inven.co.kr/board/lostark/4811/7204808
2023-06-28,앞으로 레이드 출시주기 예정 요약,https://www.inven.co.kr/board/lostark/4811/7204809
2023-06-28,라이브 요약,https://www.inven.co.kr/board/lostark/4811/7204819
2023-06-28,메유저인데 방송보며 PTSD 오네요,https://www.inven.co.kr/board/lostark/4811/7204850
2023-06-28,근대 진짜 상복이는... 방송 나오지 말자,https://www.inven.co.kr/board/lostark/4811/7204863
2023-06-28,방송 못보고 있는데 지금 상황 어떰?,https://www.inven.co.kr/board/lostark/4811/7204864
2023-06-28,긴급방송으로 얻은거 = 카멘 개좆밥이라는 사실,https://www.inven.co.kr/board/lostark/4811/7204916
2023-06-28,방송끝나면 슬슬 여론 반전되겠네,https://www.inven.co.kr/board/lostark/4811/7204938
2023-06-28,세줄 요약 이거 맞음?,https://www.inven.co.kr/board/lostark/4811/7204949
2023-06-28,이자리에서 말못하면 오늘 방송 대체왜켰음?ㅋㅋㅋㅋㅋㅋㅋㅋㅋㅋㅋ,https://www.inven.co.kr/board/lostark/4811/7204955
2023-06-28,개발시간 부족한데 방송 그냥 꺼ㅋㅋㅋㅋㅋ,https://www.inven.co.kr/board/lostark/4811/7204959
2023-06-28,그냥 요약,https://www.inven.co.kr/board/lostark/4811/7204970
2023-06-28,그래도 방송켜줘서 좋긴한데.. 카멘 절망스럽다,https://www.inven.co.kr/board/lostark/4811/7204983
2023-06-28,방송킨이유가 뭐냐 ㅋㅋㅋ,https://www.inven.co.kr/board/lostark/4811/7205028
2023-06-28,오늘 내용 요약...,https://www.inven.co.kr/board/lostark/4811/7205036
2023-06-28,긴급라이브방송 요약,https://www.inven.co.kr/board/lostark/4811/7205035
2023-06-28,이게 뭐가 라이브임 녹화방송이랑 뭐가 다른데 ㅋㅋㅋㅋㅋㅋㅋㅋㅋ,https://www.inven.co.kr/board/lostark/4811/7205050
2023-06-28,방송 3줄 요약,https://www.inven.co.kr/board/lostark/4811/7205061
2023-06-28,요약) 어..아무튼 미안,https://www.inven.co.kr/board/lostark/4811/7205056
2023-06-28,사과방송 20분 컷 ㅋㅋㅋㅋㅋㅋㅋㅋㅋㅋㅋㅋㅋㅋㅋㅋㅋㅋㅋㅋㅋㅋㅋ,https://www.inven.co.kr/board/lostark/4811/7205079
2023-06-28,오늘 방송 요약.real,https://www.inven.co.kr/board/lostark/4811/7205084
2023-06-28,추가방송 요약 :  기다려,https://www.inven.co.kr/board/lostark/4811/7205095
2023-06-28,라방 요약떴다!!!!!,https://www.inven.co.kr/board/lostark/4811/7205109
2023-06-28,3차 로아온 (긴급방송) 내용 요약,https://www.inven.co.kr/board/lostark/4811/7205110
2023-06-28,난 이번 방송 만족하는듯?,https://www.inven.co.kr/board/lostark/4811/7205128
2023-06-28,3글자로 요약 되네,https://www.inven.co.kr/board/lostark/4811/7205126
2023-06-28,이럴꺼면 방송 왜킴? 차라리 아닥하는게 나았을듯,https://www.inven.co.kr/board/lostark/4811/7205136
2023-06-28,라방 요약.jpg,https://www.inven.co.kr/board/lostark/4811/7205160
2023-06-28,한줄요약)열심히 하겠다,https://www.inven.co.kr/board/lostark/4811/7205161
2023-06-28,방송 요약,https://www.inven.co.kr/board/lostark/4811/7205169
2023-06-28,ㅇㅂ)포피셜 한줄요약,https://www.inven.co.kr/board/lostark/4811/7205181
2023-06-28,얘들아 방송조졌다,https://www.inven.co.kr/board/lostark/4811/7205191
2023-06-28,오늘자 방송 요약,https://www.inven.co.kr/board/lostark/4811/7205215
2023-06-28,오냐 긴급방송 수고했다,https://www.inven.co.kr/board/lostark/4811/7205218
2023-06-28,아니 그러니까 방송 요약하자면,https://www.inven.co.kr/board/lostark/4811/7205236
2023-06-28,방송켜서 이미지만 더 나락갔어 ㅋㅋㅋㅋㅋㅋㅋㅋㅋ,https://www.inven.co.kr/board/lostark/4811/7205243
2023-06-28,방송왜킴?,https://www.inven.co.kr/board/lostark/4811/7205234
2023-06-28,그러니까 다음 로아온까지 방송 안켜겠단거네?,https://www.inven.co.kr/board/lostark/4811/7205261
2023-06-28,애네 이거 녹화방송 아니냐? ㅋㅋㅋ,https://www.inven.co.kr/board/lostark/4811/7205279
2023-06-28,긴급방송 20분,https://www.inven.co.kr/board/lostark/4811/7205294
2023-06-28,라이브 한짤요약,https://www.inven.co.kr/board/lostark/4811/7205307
2023-06-28,긴급방송 요약,https://www.inven.co.kr/board/lostark/4811/7205317
2023-06-28,사과방송응 봐도,https://www.inven.co.kr/board/lostark/4811/7205336
2023-06-28,소통방송 아니엿구나 ㅋㅋㅋㅋㅋ,https://www.inven.co.kr/board/lostark/4811/7205335
2023-06-28,22분짜리 녹화방송 ㅋㅋㅋㅋㅋㅋㅋㅋㅋ,https://www.inven.co.kr/board/lostark/4811/7205334
2023-06-28,그럴줄알았다 결국 사과만하고 방송끄네 ㅅㅂㅋㅋㅋ,https://www.inven.co.kr/board/lostark/4811/7205339
2023-06-28,20분짜리 통보방송 끝 ㅋㅋㅋㅋㅋㅋㅋㅋㅋ,https://www.inven.co.kr/board/lostark/4811/7205349
2023-06-28,방송요약) 그냥 이해해주세요 그럼 안녕~~,https://www.inven.co.kr/board/lostark/4811/7205355
2023-06-28,방송 왜 했어ㅋㅋㅋㅋㅋㅋㅋㅋㅋㅋ,https://www.inven.co.kr/board/lostark/4811/7205362
2023-06-28,옆집에서 왔는데 라이브 요약 이거맞나요?,https://www.inven.co.kr/board/lostark/4811/7205357
2023-06-28,사과 방송 보는데...,https://www.inven.co.kr/board/lostark/4811/7205398
2023-06-28,내가 뭘본거지 이게 긴급방송이야?,https://www.inven.co.kr/board/lostark/4811/7205410
2023-06-28,사죄방송 한줄요약,https://www.inven.co.kr/board/lostark/4811/7205424
2023-06-28,오늘 라이브방송 5줄 요약,https://www.inven.co.kr/board/lostark/4811/7205429
2023-06-28,방송 23분컷 ㅋㅋㅋㅋㅋㅋㅋ,https://www.inven.co.kr/board/lostark/4811/7205450
2023-06-28,핫생녹)로스트아크 사과방송,https://www.inven.co.kr/board/lostark/4811/7205443
2023-06-28,유저들이 소통하라고 방송키라니까,https://www.inven.co.kr/board/lostark/4811/7205445
2023-06-28,긴급사과방송 요약,https://www.inven.co.kr/board/lostark/4811/7205460
2023-06-28,녹화방송인가?,https://www.inven.co.kr/board/lostark/4811/7205465
2023-06-28,로아온 한줄요약,https://www.inven.co.kr/board/lostark/4811/7205485
2023-06-28,방송왜함?,https://www.inven.co.kr/board/lostark/4811/7205491
2023-06-28,진짜 이짤이 요약인가요?,https://www.inven.co.kr/board/lostark/4811/7205492
2023-06-28,꼴랑 이거한다고 5일이나 걸려서 방송킨거임?,https://www.inven.co.kr/board/lostark/4811/7205504
2023-06-28,방송 간결하고 깔끔하네 괜히 채팅읽어주고 소통한답시고 주절거리는것보단 훨씬 깔끔따라시한듯?,https://www.inven.co.kr/board/lostark/4811/7205511
2023-06-28,방송보면서 치킨먹을려고 주문했는데 오기전에 끝났네 ;,https://www.inven.co.kr/board/lostark/4811/7205526
2023-06-28,방송 3글자 요약: 기다려,https://www.inven.co.kr/board/lostark/4811/7205524
2023-06-28,방송을 왜 킨건지 이해를 못하겠다...,https://www.inven.co.kr/board/lostark/4811/7205507
2023-06-28,낭만은 어차피 죽었고 그걸 바란 방송도 아니었다....,https://www.inven.co.kr/board/lostark/4811/7205535
2023-06-28,사진 한장요약,https://www.inven.co.kr/board/lostark/4811/7205542
2023-06-28,이번 긴급방송 한짤요약,https://www.inven.co.kr/board/lostark/4811/7205543
2023-06-28,"요약 논의중,기다려라",https://www.inven.co.kr/board/lostark/4811/7205548
2023-06-28,"""앞으로 소통 잘 하겠습니다"" (방송을 끄며)",https://www.inven.co.kr/board/lostark/4811/7205550
2023-06-28,요약: 기다려 ~~ 중국몽~ 고퀄2주떙김~~ 1610.1630~ 회의~~22분컷,https://www.inven.co.kr/board/lostark/4811/7205561
2023-06-28,23.06.28 방송요약,https://www.inven.co.kr/board/lostark/4811/7205574
2023-06-28,오늘 라이브 3글자 요약,https://www.inven.co.kr/board/lostark/4811/7205587
2023-06-28,믿긴 뭘믿어 방송봐도 못느낌??,https://www.inven.co.kr/board/lostark/4811/7205595
2023-06-28,중국몽 해명 요약.jpg,https://www.inven.co.kr/board/lostark/4811/7205583
2023-06-28,6-28 긴급 방송 요약,https://www.inven.co.kr/board/lostark/4811/7205597
2023-06-28,로스트아크 6월 28일 긴급라이브 요약,https://www.inven.co.kr/board/lostark/4811/7205610
2023-06-28,라이브는 왜 한거고 방송은 왜 킨거야,https://www.inven.co.kr/board/lostark/4811/7205607
2023-06-28,이번 방송 요약,https://www.inven.co.kr/board/lostark/4811/7205619
2023-06-28,님들 방송보고 겜 킬 생각듬?,https://www.inven.co.kr/board/lostark/4811/7205629
2023-06-28,일욜날 정리한사람이면 개추,https://www.inven.co.kr/board/lostark/4811/7205634
2023-06-28,왜 라이브 방송이라고 함?,https://www.inven.co.kr/board/lostark/4811/7205639
2023-06-28,업데이트날 사과방송하는 게임은 처음일듯,https://www.inven.co.kr/board/lostark/4811/7205674
2023-06-28,카멘 렙제 궁금해서 방송해라가 아니었을텐데???,https://www.inven.co.kr/board/lostark/4811/7205677
2023-06-28,오늘 라방 요약 : ㅈㅅㅈㅅ 기다리셈 ㅅㄱ ㅂㅇ,https://www.inven.co.kr/board/lostark/4811/7205687
2023-06-28,갓겜충은 그냥 방송을 틀었다는 행위 자체에 만족함,https://www.inven.co.kr/board/lostark/4811/7205707
2023-06-28,사과 방송 리샤의 편지로 대신해도,https://www.inven.co.kr/board/lostark/4811/7205739
2023-06-28,그냥 이번 방송 다 치우고 중요한건,https://www.inven.co.kr/board/lostark/4811/7205751
2023-06-28,오늘자 방송 요약 jpg.,https://www.inven.co.kr/board/lostark/4811/7205762
2023-06-28,긴급방송 결론,https://www.inven.co.kr/board/lostark/4811/7205776
2023-06-28,방송의 힘이 크긴 큰가봐,https://www.inven.co.kr/board/lostark/4811/7205775
2023-06-28,긴급 라이브 대충요약,https://www.inven.co.kr/board/lostark/4811/7205810
2023-06-28,방송 잘 했다,https://www.inven.co.kr/board/lostark/4811/7205821
2023-06-28,이룰거면 방송 왜킴?,https://www.inven.co.kr/board/lostark/4811/7205829
2023-06-28,라이브 방송이다라고 강조하더니 그냥 녹방수준이네,https://www.inven.co.kr/board/lostark/4811/7205835
2023-06-28,내가 본 방송 요약,https://www.inven.co.kr/board/lostark/4811/7205836
2023-06-28,오늘 사과방송 3줄요약,https://www.inven.co.kr/board/lostark/4811/7205857
2023-06-28,요약본 안써도 되겠다,https://www.inven.co.kr/board/lostark/4811/7205887
2023-06-28,4과방송,https://www.inven.co.kr/board/lostark/4811/7205906
2023-06-28,●▅▇█▇▆▅▄▇ 이게 라이브방송이냐 녹화방송이지 ㅋㅋㅋㅋㅋㅋ,https://www.inven.co.kr/board/lostark/4811/7205904
2023-06-28,그래 이런 방송 켜놓고 망테크 안타는 걸 본적이 없어,https://www.inven.co.kr/board/lostark/4811/7205935
2023-06-28,그럼 뭐 며칠만에 킨 긴급방송에서 시원하게 해결될줄앎?,https://www.inven.co.kr/board/lostark/4811/7205957
2023-06-28,이번 라이브방송이 그냥 녹방수준인 이유,https://www.inven.co.kr/board/lostark/4811/7205972
2023-06-28,라방요약 이건가,https://www.inven.co.kr/board/lostark/4811/7205977
2023-06-28,방송 왜 킨거지,https://www.inven.co.kr/board/lostark/4811/7205983
2023-06-28,근데 이번 방송 녹화방송이지?,https://www.inven.co.kr/board/lostark/4811/7205981
2023-06-28,걍 한줄 요약 한무 기다려 이거 아님?,https://www.inven.co.kr/board/lostark/4811/7205986
2023-06-28,로아 긴급방송 녹방 아니냐?????????,https://www.inven.co.kr/board/lostark/4811/7205990
2023-06-28,앞으로 소통 잘하겠습니다 = 오늘 방송 20분 컷,https://www.inven.co.kr/board/lostark/4811/7205994
2023-06-28,방송 도대체 왜킨거임? 화 더 돋구려고 일부러 그러는건가??,https://www.inven.co.kr/board/lostark/4811/7206003
2023-06-28,펌)라이브방송요약해옴 근데 사멸쪽은 뭐라는지모르겠어,https://www.inven.co.kr/board/lostark/4811/7206011
2023-06-28,●▅▇█▇▆▅▄▇이번방송 3글자 요약,https://www.inven.co.kr/board/lostark/4811/7206020
2023-06-28,사과방송 20분처할거면,https://www.inven.co.kr/board/lostark/4811/7206037
2023-06-28,생방송인줄알았는데 속앗네 ㅋㅋ,https://www.inven.co.kr/board/lostark/4811/7206041
2023-06-28,근데 다들 이런 방송이 될거라고 예상하지 않았음??,https://www.inven.co.kr/board/lostark/4811/7206058
2023-06-28,와 귀신같이 그 방송인 예측대로 흘러가네,https://www.inven.co.kr/board/lostark/4811/7206043
2023-06-28,로아온 현재까지 3줄 요약,https://www.inven.co.kr/board/lostark/4811/7206065
2023-06-28,ㅅㅂ 나 방송보려고 치킨시키고 대기탔는데,https://www.inven.co.kr/board/lostark/4811/7206072
2023-06-28,방송 끝나자마자 알바풀어서 추천주작하는거봐라ㅋㅋ,https://www.inven.co.kr/board/lostark/4811/7206100
2023-06-28,걍 다 꺼져라라는 방송 한거같은딬ㅋㅋㅋㅋㅋㅋㅋ,https://www.inven.co.kr/board/lostark/4811/7206099
2023-06-28,걍 오늘 방송 이랬으면 흥했음 ㅇㅇ,https://www.inven.co.kr/board/lostark/4811/7206116
2023-06-28,"긴급 방송시간 단 ""22분""",https://www.inven.co.kr/board/lostark/4811/7206120
2023-06-28,저 방금 퇴근했는데 로아 방송했다던데,https://www.inven.co.kr/board/lostark/4811/7206139
2023-06-28,사과하고 끝내지말고 라이브 방송이면 질의응답좀 하지 아쉽네,https://www.inven.co.kr/board/lostark/4811/7206141
2023-06-28,이번 라이브 한짤요약.jpg,https://www.inven.co.kr/board/lostark/4811/7206153
2023-06-28,방송 끝나자마자 갓겜충 대거등판,https://www.inven.co.kr/board/lostark/4811/7206175
2023-06-28,근데 방송보고 더 화난사람들은 좀 웃김 ㅋㅋ,https://www.inven.co.kr/board/lostark/4811/7206177
2023-06-28,로벤 반응보니까 무조건 긴급 방송은 하는게 맞네,https://www.inven.co.kr/board/lostark/4811/7206197
2023-06-28,메악귀 입장에서 잘한 긴급방송이라고 봄,https://www.inven.co.kr/board/lostark/4811/7206243
2023-06-28,방송 끝나니깐 알바새끼들 바로 튀어 나오네,https://www.inven.co.kr/board/lostark/4811/7206268
2023-06-28,20분할거면 방송왜함?,https://www.inven.co.kr/board/lostark/4811/7206300
2023-06-28,금강선 - 특별방송(깜짝방송),https://www.inven.co.kr/board/lostark/4811/7206309
2023-06-28,진짜 쇼케로 망할뻔한 게임을 되살린 최고의 후속 라이브 방송이였다,https://www.inven.co.kr/board/lostark/4811/7206320
2023-06-28,방송 욕 먹는 이유,https://www.inven.co.kr/board/lostark/4811/7206319
2023-06-28,걍 오늘 방송은 여론전이 맞음 ㅋㅋ,https://www.inven.co.kr/board/lostark/4811/7206323
2023-06-28,이번 로아온 1줄 요약,https://www.inven.co.kr/board/lostark/4811/7206328
2023-06-28,방금 그거 라이브 방송임?,https://www.inven.co.kr/board/lostark/4811/7206372
2023-06-28,2차방송은 나쁘지 않았네.,https://www.inven.co.kr/board/lostark/4811/7206386
2023-06-28,방송끝나자마자 30추 어지럽네 ㅋㅋㅋㅋ,https://www.inven.co.kr/board/lostark/4811/7206387
2023-06-28,긴급방송 끝나자마자 기다렸다듯이 10추글에 긍정적인 글만 추천올라가는거 나만 이상하냐?,https://www.inven.co.kr/board/lostark/4811/7206403
2023-06-28,이시발 요약 볼라는데 이 개새끼 사진은 모냐,https://www.inven.co.kr/board/lostark/4811/7206419
2023-06-28,긴급방송 한짤 요약,https://www.inven.co.kr/board/lostark/4811/7206426
2023-06-28,라이브 방송이 맞는지도 의심이된다,https://www.inven.co.kr/board/lostark/4811/7206434
2023-06-28,???:야 애둘아 우리 긴급방송으로 대처 좀 잘한거같다 ㅋㅋ,https://www.inven.co.kr/board/lostark/4811/7206433
2023-06-28,앞으로 소통 열심히 하겠습니다(방송을 끄며),https://www.inven.co.kr/board/lostark/4811/7206480
2023-06-28,오늘 방송이 녹방인 2유,https://www.inven.co.kr/board/lostark/4811/7206503
2023-06-28,옆집주민인데 방송보면서 든 생각인게 저거 녹방은아니죠?,https://www.inven.co.kr/board/lostark/4811/7206539
2023-06-28,차라리 로아온 이랑 오늘 라이브방송 안하는게 더 나았음,https://www.inven.co.kr/board/lostark/4811/7206550
2023-06-28,나는 지금 긴급방송 보고 디렉터의 필요성을 뼈저리게느낌,https://www.inven.co.kr/board/lostark/4811/7206576
2023-06-28,아니 그러니까 이게 5일만에 키는 긴급방송수준이냐고,https://www.inven.co.kr/board/lostark/4811/7206594
2023-06-28,요약: 미안해~기다려~잘 할게~,https://www.inven.co.kr/board/lostark/4811/7206659
2023-06-28,이게 사과방송이냐 기만방송이냐?,https://www.inven.co.kr/board/lostark/4811/7206673
2023-06-28,방송 후기,https://www.inven.co.kr/board/lostark/4811/7206680
2023-06-28,방송끝나자마자 흰딱들 우수수 튀어나와서 쉴드치는거 존나웃기노ㅋㅋㅋㅋ,https://www.inven.co.kr/board/lostark/4811/7206714
2023-06-28,긴급방송 한줄요약,https://www.inven.co.kr/board/lostark/4811/7206723
2023-06-28,사과 방송의 사과 방송 안 하냐?,https://www.inven.co.kr/board/lostark/4811/7206779
2023-06-28,로아 방송인 쉑덜 빡치는척 오지네 ㅋㅋㅋ,https://www.inven.co.kr/board/lostark/4811/7206806
2023-06-28,이번 방송 3짤 요약,https://www.inven.co.kr/board/lostark/4811/7206810
2023-06-28,오늘 생방 요약.jpg,https://www.inven.co.kr/board/lostark/4811/7206839
2023-06-28,로스트 아크 긴급 방송 내용 요약.. jpg,https://www.inven.co.kr/board/lostark/4811/7206843
2023-06-28,오늘 패치로 대가리 꺠진 애들 다시 접으라고 방송한듯,https://www.inven.co.kr/board/lostark/4811/7206842
2023-06-28,솔직발언)이번방송보고 로스트아크에서 희망을 보았다.,https://www.inven.co.kr/board/lostark/4811/7206868
2023-06-28,소통안하고 대본만 읽을거면 왜 라이브방송함?,https://www.inven.co.kr/board/lostark/4811/7206878
2023-06-28,지금 긴급방송 끝나마자 보석값 나락 가고 있는거 맞음?,https://www.inven.co.kr/board/lostark/4811/7206916
2023-06-28,질문 정리해줄테니 리사의 편지로라도 답변 제출해라 시발,https://www.inven.co.kr/board/lostark/4811/7206920
2023-06-28,어캐 방송 요약이 3줄 1줄도 아니로 3글자ㅋㅋㅋㅋ,https://www.inven.co.kr/board/lostark/4811/7206926
2023-06-28,솔직히 이렇게 방송했으면 봐줬음 ㅇㅇ,https://www.inven.co.kr/board/lostark/4811/7206933
2023-06-28,라이브방송 개짧은이유...,https://www.inven.co.kr/board/lostark/4811/7206946
2023-06-28,이건 방송 내용이 문제가 아니라 그냥 디렉터가 없는게 문제임,https://www.inven.co.kr/board/lostark/4811/7206988
2023-06-28,그래도 며칠만에 라이브방송 해주네,https://www.inven.co.kr/board/lostark/4811/7207006
2023-06-28,긴급 방송 이후 행동강령,https://www.inven.co.kr/board/lostark/4811/7207016
2023-06-28,애초에 긴급 방송 기대한 게 개병신아님?,https://www.inven.co.kr/board/lostark/4811/7207028
2023-06-28,방송 22분컷내고 노티드도넛 처먹으러간건가,https://www.inven.co.kr/board/lostark/4811/7207037
2023-06-28,이럴꺼면 왜 생방송 한다고 한거지?,https://www.inven.co.kr/board/lostark/4811/7207093
2023-06-28,이번 사과방송은 이미 늦었음,https://www.inven.co.kr/board/lostark/4811/7207115
2023-06-28,로아방송 지금 들어가봤는데 벌써 끝나있네,https://www.inven.co.kr/board/lostark/4811/7207138
2023-06-28,메이플 유저가 산악회 시점에서 라이브 방송 본 소감,https://www.inven.co.kr/board/lostark/4811/7207139
2023-06-28,긴급 라이브 방송 (녹방임),https://www.inven.co.kr/board/lostark/4811/7207198
2023-06-28,요약하면 이거지?,https://www.inven.co.kr/board/lostark/4811/7207218
2023-06-28,방송이후 디코 골드도골드지만,https://www.inven.co.kr/board/lostark/4811/7207215
2023-06-28,그냥 지금 방송에서 말한게 현실적이라고 생각함,https://www.inven.co.kr/board/lostark/4811/7207216
2023-06-28,로아 방송인 쭉 돌아봤는데,https://www.inven.co.kr/board/lostark/4811/7207253
2023-06-28,긴급사과방송과 소통의 차이 아닐까,https://www.inven.co.kr/board/lostark/4811/7207306
2023-06-28,방송도 25분임?,https://www.inven.co.kr/board/lostark/4811/7207343
2023-06-28,아니 뭐 하나 확정 지을 수 없으면 애초에 방송 왜킴 ㅋㅋㅋ,https://www.inven.co.kr/board/lostark/4811/7207387
2023-06-28,결국 요약하면,https://www.inven.co.kr/board/lostark/4811/7207408
2023-06-28,사과방송 하는법,https://www.inven.co.kr/board/lostark/4811/7207476
2023-06-28,긴급방송도 ㅈ망함?,https://www.inven.co.kr/board/lostark/4811/7207538
2023-06-28,"중국 오링할려고  작정한거내 방송 ,,",https://www.inven.co.kr/board/lostark/4811/7207586
2023-06-28,로벤 한짤 요약,https://www.inven.co.kr/board/lostark/4811/7207584
2023-06-28,근데 라이브 방송 맞냐? 녹방아님?,https://www.inven.co.kr/board/lostark/4811/7207597
2023-06-28,앗! 오늘은 긴급 생방송이 있는 날!,https://www.inven.co.kr/board/lostark/4811/7207599
2023-06-28,소신발언) 이번방송 평타침. 다만...,https://www.inven.co.kr/board/lostark/4811/7207626
2023-06-28,소림 누님 방송보는데 이새낀 뭐냐,https://www.inven.co.kr/board/lostark/4811/7207631
2023-06-28,본캐1645 엘릭서40+9케릭 유저입장에서 보는 이번 변명 2줄요약,https://www.inven.co.kr/board/lostark/4811/7207635
2023-06-28,야 설마 긴급방송 기대했던놈 있어?,https://www.inven.co.kr/board/lostark/4811/7207651
2023-06-28,헌상황 한짤 정리.jpg,https://www.inven.co.kr/board/lostark/4811/7207760
2023-06-28,정리하는게 맞다..,https://www.inven.co.kr/board/lostark/4811/7207792
2023-06-28,지금 현 상황 요약,https://www.inven.co.kr/board/lostark/4811/7207796
2023-06-28,막말로 방송을 해서 망한 케이스임,https://www.inven.co.kr/board/lostark/4811/7207829
2023-06-28,냉정하게 따져서 오늘 방송으로 뭘 기대한거임???,https://www.inven.co.kr/board/lostark/4811/7207858
2023-06-28,로아는 방송 할 때마다 하기가 싫어지네 ㅅㅂ...,https://www.inven.co.kr/board/lostark/4811/7207868
2023-06-28,누가 요약좀 그래서 어떻게됫는대,https://www.inven.co.kr/board/lostark/4811/7207890
2023-06-28,난 오늘 방송보고 더 로아가 암담하게 느껴졌음.,https://www.inven.co.kr/board/lostark/4811/7207909
2023-06-28,●▅▇▇█▆▅▄▇ 방송대신할 디렉터 뽑아라,https://www.inven.co.kr/board/lostark/4811/7207912
2023-06-28,오늘 방송이랑 이번 로아온 전체를 보면서 느껴지는게,https://www.inven.co.kr/board/lostark/4811/7207985
2023-06-28,로아 방송이 망했으니 메이플을 팬다...,https://www.inven.co.kr/board/lostark/4811/7207994
2023-06-28,사과방송? 감성팔이? 녹화본? 위기모면?,https://www.inven.co.kr/board/lostark/4811/7208000
2023-06-28,정소림해설 방송에서 서로 싸우네,https://www.inven.co.kr/board/lostark/4811/7208001
2023-06-28,“게임이 노잼이라 죄송합니다.” 가 뭔 방송이냐,https://www.inven.co.kr/board/lostark/4811/7208007
2023-06-28,그냥저냥 만족은 했지만 불만은 있는 방송이였음,https://www.inven.co.kr/board/lostark/4811/7208012
2023-06-28,게임이 재미없어서 사과방송 하는게임ㅋㅋ,https://www.inven.co.kr/board/lostark/4811/7208058
2023-06-28,어차피 오늘 긴급방송은 가불기 걸린거야,https://www.inven.co.kr/board/lostark/4811/7208115
2023-06-28,저럴거면라이브방송왜함?,https://www.inven.co.kr/board/lostark/4811/7208171
2023-06-28,아 7시부터 긴급방송이었지,https://www.inven.co.kr/board/lostark/4811/7208206
2023-06-28,이정도면 만족스러운 방송이였다.!!!,https://www.inven.co.kr/board/lostark/4811/7208222
2023-06-28,그래도 라이브방송 잘한점,https://www.inven.co.kr/board/lostark/4811/7208260
2023-06-28,얘네 잘못해서 방송킨건데 얼마나 더해야됨은 뭐임?,https://www.inven.co.kr/board/lostark/4811/7208265
2023-06-28,로아온이고 긴급방송이고 나발이고 카멘까지는 갈사람??,https://www.inven.co.kr/board/lostark/4811/7208266
2023-06-28,게임도 노잼 방송도 노잼ㅋㅋㅋㅋㅋ,https://www.inven.co.kr/board/lostark/4811/7208271
2023-06-28,방송하는 태도 보니까 짠하긴하다,https://www.inven.co.kr/board/lostark/4811/7208281
2023-06-28,소통을 잘하겠다는 방송이 소통 無,https://www.inven.co.kr/board/lostark/4811/7208290
2023-06-28,오늘 긴급방송 보면서 느낀건데,https://www.inven.co.kr/board/lostark/4811/7208346
2023-06-28,애초에 긴급방송인데 청문회급을 바란거아님?,https://www.inven.co.kr/board/lostark/4811/7208500
2023-06-28,로아 스트리머들 전부 현타와서 방송껏네,https://www.inven.co.kr/board/lostark/4811/7208527
2023-06-28,로기견 현 상황 요약.jpg,https://www.inven.co.kr/board/lostark/4811/7208571
2023-06-28,이번 방송으로 부활의 신호탄 쏘아졌네요.,https://www.inven.co.kr/board/lostark/4811/7208577
2023-06-28,라이브방송에서 뭘 바랬냐니,https://www.inven.co.kr/board/lostark/4811/7208590
2023-06-28,그냥 이번 방송에서 실망한건 다른게 아님,https://www.inven.co.kr/board/lostark/4811/7208597
2023-06-28,긴급방송 요약본 있음?,https://www.inven.co.kr/board/lostark/4811/7208613
2023-06-28,로아온이고 오프고 긴급방송이고 자시고,https://www.inven.co.kr/board/lostark/4811/7208640
2023-06-28,오늘 라이브 방송 요약,https://www.inven.co.kr/board/lostark/4811/7208650
2023-06-28,출장갔다 이제 집 도착이라 방송 못봤는데,https://www.inven.co.kr/board/lostark/4811/7208655
2023-06-28,포셔피셜) 로아 현재 상황요약,https://www.inven.co.kr/board/lostark/4811/7208702
2023-06-28,이번에 정리하려고 보석 싹 뺐는데,https://www.inven.co.kr/board/lostark/4811/7208723
2023-06-28,섭종 방송이였다.,https://www.inven.co.kr/board/lostark/4811/7208715
2023-06-28,근데 라이브방송 최고의 결과인데??,https://www.inven.co.kr/board/lostark/4811/7208864
2023-06-28,로아 패키지 정리(카드 기대값 기댓값),https://www.inven.co.kr/board/lostark/4811/7208982
2023-06-28,사과 방송 까지 했는데 더 물어 뜯는건,https://www.inven.co.kr/board/lostark/4811/7209008
2023-06-28,친구랑 로아 긴급방송 반응,https://www.inven.co.kr/board/lostark/4811/7209017
2023-06-28,방송이 ㅈ같긴한데,https://www.inven.co.kr/board/lostark/4811/7209046
2023-06-28,팡이요방송에 로악귀들은 악귀가 아님,https://www.inven.co.kr/board/lostark/4811/7209083
2023-06-28,근데 뭐 긴급방송 기대했음?,https://www.inven.co.kr/board/lostark/4811/7209099
2023-06-28,나 궁금한점 이번 as방송에서,https://www.inven.co.kr/board/lostark/4811/7209122
2023-06-28,원인 사과 해결방안 이 세개가있었어야 할 방송에,https://www.inven.co.kr/board/lostark/4811/7209158
2023-06-28,이번 방송 불만은 있어도,https://www.inven.co.kr/board/lostark/4811/7209226
2023-06-28,이번 로아온과 긴급방송을 보며 느낀점...3대장 체체는 완전 실패다...,https://www.inven.co.kr/board/lostark/4811/7209223
